,classify
0,0
1,3
2,0
3,3
4,3
5,3
6,3
7,3
8,1
9,2
10,1
11,2
12,3
13,4
14,2
15,3
16,3
17,4
18,3
19,0
20,3
21,2
22,3
23,3
24,3
25,1
26,4
27,3
28,4
29,2
30,1
31,2
32,4
33,3
34,1
35,1
36,3
37,3
38,3
39,3
40,3
41,3
42,3
43,0
44,1
45,3
46,4
47,4
48,3
49,3
50,1
51,1
52,0
53,2
54,3
55,4
56,4
57,3
58,3
59,1
60,3
61,0
62,2
63,3
64,0
65,3
66,4
67,3
68,1
69,0
70,0
71,3
72,1
73,0
74,0
75,0
76,1
77,1
78,1
79,0
80,3
81,0
82,3
83,3
84,1
85,3
86,3
87,1
88,3
89,3
90,3
91,1
92,1
93,4
94,4
95,1
96,3
97,3
98,0
99,3
100,1
101,0
102,1
103,3
104,0
105,3
106,2
107,2
108,2
109,1
110,1
111,1
112,1
113,2
114,1
115,3
116,2
117,1
118,2
119,3
120,3
121,1
122,3
123,4
124,3
125,3
126,2
127,1
128,3
129,3
130,3
131,1
132,1
133,3
134,3
135,1
136,4
137,3
138,1
139,3
140,1
141,1
142,1
143,3
144,2
145,1
146,2
147,3
148,1
149,0
150,1
151,1
152,3
153,1
154,0
155,4
156,0
157,1
158,2
159,3
160,0
161,4
162,1
163,3
164,4
165,3
166,1
167,0
168,4
169,0
170,3
171,3
172,3
173,1
174,2
175,3
176,1
177,1
178,4
179,1
180,3
181,4
182,1
183,1
184,1
185,3
186,4
187,1
188,1
189,1
190,2
191,0
192,2
193,3
194,0
195,3
196,3
197,4
198,1
199,4
200,3
201,0
202,1
203,3
204,1
205,1
206,3
207,1
208,1
209,4
210,3
211,0
212,3
213,3
214,3
215,1
216,3
217,3
218,4
219,1
220,4
221,2
222,1
223,2
224,4
225,1
226,1
227,1
228,3
229,3
230,1
231,2
232,4
233,3
234,0
235,1
236,4
237,1
238,0
239,1
240,3
241,1
242,1
243,0
244,0
245,1
246,3
247,4
248,1
249,2
250,3
251,4
252,1
253,3
254,1
255,4
256,2
257,2
258,0
259,2
260,1
261,1
262,3
263,4
264,3
265,3
266,2
267,0
268,0
269,1
270,4
271,3
272,3
273,2
274,3
275,3
276,3
277,0
278,4
279,2
280,1
281,4
282,2
283,3
284,4
285,3
286,2
287,3
288,4
289,3
290,1
291,4
292,3
293,2
294,1
295,1
296,4
297,2
298,4
299,3
300,3
301,3
302,1
303,1
304,3
305,0
306,3
307,1
308,1
309,3
310,1
311,1
312,1
313,4
314,2
315,2
316,1
317,2
318,2
319,1
320,1
321,3
322,1
323,0
324,1
325,0
326,3
327,4
328,3
329,1
330,3
331,3
332,1
333,4
334,1
335,4
336,1
337,1
338,3
339,0
340,2
341,3
342,3
343,0
344,4
345,0
346,1
347,3
348,2
349,4
350,1
351,2
352,4
353,1
354,2
355,2
356,3
357,4
358,3
359,1
360,1
361,1
362,1
363,2
364,2
365,0
366,4
367,2
368,4
369,2
370,0
371,4
372,4
373,0
374,1
375,2
376,2
377,1
378,3
379,0
380,3
381,2
382,2
383,3
384,2
385,0
386,1
387,4
388,3
389,1
390,4
391,4
392,4
393,3
394,3
395,3
396,1
397,0
398,3
399,1
400,1
401,1
402,4
403,4
404,1
405,1
406,1
407,1
408,1
409,2
410,1
411,3
412,3
413,1
414,1
415,2
416,1
417,4
418,1
419,2
420,0
421,1
422,3
423,1
424,0
425,4
426,3
427,3
428,4
429,2
430,1
431,1
432,3
433,1
434,1
435,3
436,0
437,4
438,3
439,1
440,4
441,3
442,2
443,1
444,0
445,3
446,1
447,1
448,4
449,1
450,3
451,2
452,3
453,4
454,2
455,1
456,1
457,0
458,2
459,1
460,1
461,3
462,1
463,3
464,4
465,2
466,3
467,1
468,1
469,4
470,3
471,1
472,0
473,3
474,0
475,3
476,4
477,2
478,2
479,1
480,1
481,4
482,2
483,3
484,1
485,1
486,1
487,3
488,4
489,1
490,0
491,1
492,3
493,3
494,2
495,3
496,3
497,2
498,3
499,4
500,1
501,4
502,4
503,1
504,4
505,4
506,4
507,1
508,1
509,1
510,3
511,1
512,4
513,3
514,1
515,4
516,4
517,0
518,1
519,3
520,4
521,0
522,3
523,4
524,3
525,1
526,0
527,1
528,1
529,1
530,0
531,2
532,1
533,4
534,4
535,0
536,0
537,3
538,1
539,1
540,4
541,3
542,3
543,3
544,3
545,2
546,1
547,4
548,3
549,0
550,1
551,1
552,4
553,1
554,0
555,2
556,0
557,3
558,1
559,1
560,3
561,1
562,0
563,2
564,0
565,2
566,1
567,1
568,3
569,1
570,3
571,0
572,3
573,1
574,2
575,4
576,1
577,1
578,1
579,0
580,0
581,3
582,3
583,2
584,1
585,1
586,2
587,3
588,3
589,1
590,4
591,4
592,0
593,1
594,3
595,4
596,2
597,1
598,3
599,1
600,2
601,0
602,3
603,1
604,1
605,2
606,0
607,3
608,3
609,1
610,0
611,3
612,4
613,4
614,3
615,0
616,4
617,3
618,1
619,3
620,1
621,1
622,2
623,2
624,1
625,4
626,2
627,2
628,2
629,3
630,2
631,1
632,0
633,3
634,1
635,3
636,2
637,1
638,3
639,2
640,3
641,1
642,0
643,1
644,0
645,1
646,4
647,3
648,3
649,4
650,1
651,3
652,3
653,1
654,2
655,3
656,1
657,3
658,1
659,3
660,1
661,2
662,1
663,1
664,4
665,0
666,4
667,4
668,4
669,2
670,1
671,2
672,4
673,4
674,1
675,3
676,4
677,4
678,1
679,1
680,2
681,4
682,1
683,4
684,1
685,4
686,4
687,1
688,3
689,3
690,1
691,1
692,0
693,1
694,4
695,4
696,1
697,1
698,1
699,1
700,1
701,0
702,1
703,3
704,2
705,2
706,2
707,1
708,3
709,1
710,2
711,1
712,3
713,1
714,3
715,3
716,3
717,3
718,4
719,1
720,4
721,3
722,4
723,4
724,2
725,2
726,1
727,1
728,2
729,1
730,4
731,3
732,0
733,1
734,1
735,3
736,3
737,1
738,3
739,2
740,3
741,1
742,1
743,4
744,1
745,3
746,1
747,3
748,3
749,1
750,2
751,1
752,3
753,2
754,3
755,4
756,0
757,2
758,1
759,4
760,1
761,1
762,1
763,2
764,0
765,1
766,4
767,4
768,3
769,3
770,1
771,4
772,1
773,0
774,3
775,1
776,1
777,4
778,1
779,3
780,0
781,3
782,0
783,0
784,1
785,1
786,4
787,2
788,2
789,3
790,3
791,3
792,2
793,3
794,0
795,1
796,2
797,1
798,1
799,2
800,2
801,1
802,3
803,1
804,3
805,1
806,4
807,1
808,0
809,2
810,1
811,0
812,1
813,3
814,1
815,3
816,1
817,1
818,3
819,3
820,1
821,2
822,2
823,1
824,0
825,2
826,3
827,0
828,3
829,1
830,1
831,0
832,1
833,0
834,3
835,3
836,0
837,3
838,0
839,2
840,4
841,2
842,3
843,4
844,2
845,3
846,1
847,0
848,4
849,2
850,1
851,0
852,3
853,3
854,1
855,4
856,4
857,3
858,2
859,4
860,2
861,0
862,3
863,3
864,4
865,2
866,4
867,1
868,4
869,1
870,1
871,3
872,1
873,1
874,2
875,3
876,1
877,1
878,1
879,4
880,0
881,3
882,3
883,4
884,1
885,3
886,1
887,1
888,3
889,2
890,4
891,0
892,3
893,0
894,1
895,3
896,1
897,3
898,1
899,4
900,1
901,1
902,1
903,1
904,1
905,1
906,3
907,1
908,4
909,1
910,3
911,3
912,3
913,3
914,3
915,3
916,1
917,1
918,4
919,1
920,3
921,1
922,1
923,4
924,1
925,1
926,3
927,1
928,3
929,3
930,0
931,3
932,1
933,1
934,3
935,3
936,1
937,3
938,4
939,2
940,2
941,1
942,4
943,1
944,3
945,2
946,3
947,2
948,3
949,1
950,1
951,1
952,3
953,3
954,0
955,1
956,3
957,2
958,0
959,1
960,2
961,1
962,1
963,0
964,1
965,4
966,2
967,1
968,1
969,2
970,2
971,3
972,3
973,0
974,2
975,1
976,3
977,4
978,2
979,3
980,1
981,1
982,4
983,3
984,1
985,4
986,2
987,3
988,2
989,3
990,1
991,2
992,4
993,1
994,1
995,1
996,3
997,1
998,1
999,3
1000,1
1001,0
1002,1
1003,1
1004,1
1005,1
1006,3
1007,3
1008,4
1009,0
1010,2
1011,0
1012,3
1013,1
1014,3
1015,1
1016,3
1017,1
1018,1
1019,1
1020,3
1021,3
1022,3
1023,2
1024,3
1025,2
1026,3
1027,0
1028,3
1029,1
1030,4
1031,3
1032,1
1033,2
1034,4
1035,1
1036,1
1037,2
1038,2
1039,3
1040,3
1041,1
1042,3
1043,1
1044,3
1045,3
1046,3
1047,0
1048,4
1049,0
1050,1
1051,4
1052,1
1053,1
1054,1
1055,4
1056,1
1057,3
1058,1
1059,1
1060,0
1061,1
1062,3
1063,3
1064,1
1065,2
1066,2
1067,1
1068,1
1069,4
1070,1
1071,4
1072,2
1073,3
1074,1
1075,1
1076,1
1077,4
1078,4
1079,3
1080,3
1081,3
1082,1
1083,2
1084,1
1085,3
1086,1
1087,4
1088,1
1089,3
1090,0
1091,4
1092,0
1093,3
1094,2
1095,3
1096,0
1097,3
1098,2
1099,1
1100,1
1101,3
1102,3
1103,0
1104,4
1105,3
1106,2
1107,1
1108,2
1109,0
1110,3
1111,3
1112,2
1113,1
1114,3
1115,3
1116,3
1117,1
1118,3
1119,2
1120,1
1121,3
1122,1
1123,2
1124,4
1125,1
1126,4
1127,3
1128,0
1129,1
1130,1
1131,1
1132,1
1133,3
1134,3
1135,2
1136,1
1137,3
1138,2
1139,1
1140,1
1141,1
1142,3
1143,1
1144,1
1145,3
1146,2
1147,2
1148,3
1149,2
1150,1
1151,4
1152,3
1153,3
1154,3
1155,4
1156,1
1157,3
1158,1
1159,1
1160,3
1161,2
1162,2
1163,3
1164,0
1165,4
1166,1
1167,0
1168,3
1169,3
1170,2
1171,1
1172,3
1173,4
1174,1
1175,1
1176,1
1177,1
1178,2
1179,3
1180,3
1181,2
1182,3
1183,3
1184,3
1185,3
1186,0
1187,3
1188,0
1189,4
1190,1
1191,1
1192,3
1193,1
1194,1
1195,1
1196,1
1197,3
1198,3
1199,4
1200,4
1201,2
1202,3
1203,2
1204,3
1205,1
1206,3
1207,1
1208,1
1209,3
1210,2
1211,1
1212,3
1213,4
1214,4
1215,3
1216,1
1217,2
1218,1
1219,0
1220,0
1221,1
1222,3
1223,3
1224,3
1225,1
1226,4
1227,3
1228,3
1229,1
1230,2
1231,3
1232,2
1233,1
1234,4
1235,0
1236,2
1237,4
1238,1
1239,1
1240,0
1241,3
1242,3
1243,2
1244,1
1245,4
1246,3
1247,0
1248,3
1249,1
1250,4
1251,3
1252,3
1253,1
1254,3
1255,1
1256,3
1257,4
1258,1
1259,1
1260,3
1261,3
1262,3
1263,3
1264,3
1265,0
1266,1
1267,3
1268,1
1269,3
1270,3
1271,3
1272,0
1273,0
1274,3
1275,2
1276,1
1277,1
1278,1
1279,1
1280,2
1281,1
1282,3
1283,4
1284,4
1285,4
1286,1
1287,1
1288,3
1289,1
1290,3
1291,1
1292,4
1293,4
1294,4
1295,1
1296,2
1297,1
1298,1
1299,2
1300,4
1301,2
1302,3
1303,3
1304,4
1305,4
1306,3
1307,3
1308,3
1309,1
1310,1
1311,0
1312,2
1313,4
1314,3
1315,1
1316,1
1317,3
1318,1
1319,0
1320,1
1321,1
1322,1
1323,2
1324,3
1325,3
1326,3
1327,1
1328,2
1329,3
1330,1
1331,1
1332,3
1333,3
1334,1
1335,0
1336,3
1337,3
1338,1
1339,2
1340,4
1341,4
1342,2
1343,2
1344,3
1345,3
1346,3
1347,2
1348,0
1349,2
1350,2
1351,2
1352,1
1353,3
1354,1
1355,2
1356,3
1357,3
1358,4
1359,2
1360,4
1361,1
1362,1
1363,3
1364,2
1365,3
1366,2
1367,2
1368,4
1369,3
1370,1
1371,3
1372,3
1373,3
1374,4
1375,1
1376,0
1377,1
1378,4
1379,2
1380,1
1381,4
1382,1
1383,0
1384,2
1385,3
1386,3
1387,3
1388,1
1389,1
1390,1
1391,3
1392,0
1393,1
1394,3
1395,3
1396,3
1397,4
1398,3
1399,0
1400,1
1401,0
1402,1
1403,2
1404,2
1405,1
1406,2
1407,1
1408,3
1409,4
1410,3
1411,2
1412,1
1413,3
1414,0
1415,0
1416,1
1417,3
1418,1
1419,4
1420,2
1421,3
1422,1
1423,0
1424,3
1425,4
1426,3
1427,1
1428,4
1429,1
1430,1
1431,2
1432,1
1433,0
1434,3
1435,3
1436,1
1437,1
1438,3
1439,2
1440,1
1441,3
1442,3
1443,2
1444,4
1445,3
1446,2
1447,2
1448,3
1449,1
1450,4
1451,1
1452,2
1453,1
1454,2
1455,2
1456,4
1457,1
1458,1
1459,4
1460,1
1461,3
1462,2
1463,3
1464,2
1465,1
1466,2
1467,1
1468,1
1469,0
1470,1
1471,3
1472,4
1473,0
1474,2
1475,2
1476,1
1477,4
1478,1
1479,3
1480,3
1481,1
1482,4
1483,1
1484,0
1485,1
1486,2
1487,2
1488,4
1489,1
1490,2
1491,1
1492,4
1493,3
1494,3
1495,3
1496,1
1497,1
1498,0
1499,2
1500,2
1501,4
1502,3
1503,3
1504,4
1505,3
1506,4
1507,1
1508,4
1509,2
1510,1
1511,3
1512,4
1513,1
1514,1
1515,2
1516,4
1517,0
1518,1
1519,4
1520,4
1521,3
1522,3
1523,1
1524,1
1525,2
1526,1
1527,0
1528,1
1529,3
1530,2
1531,3
1532,1
1533,0
1534,1
1535,1
1536,1
1537,0
1538,3
1539,1
1540,4
1541,2
1542,4
1543,1
1544,1
1545,3
1546,3
1547,3
1548,1
1549,3
1550,3
1551,1
1552,1
1553,1
1554,3
1555,3
1556,4
1557,3
1558,3
1559,1
1560,1
1561,1
1562,4
1563,1
1564,3
1565,1
1566,4
1567,3
1568,3
1569,2
1570,1
1571,4
1572,4
1573,0
1574,2
1575,1
1576,3
1577,1
1578,3
1579,1
1580,1
1581,3
1582,3
1583,0
1584,3
1585,1
1586,1
1587,1
1588,3
1589,2
1590,2
1591,3
1592,3
1593,4
1594,4
1595,3
1596,3
1597,2
1598,0
1599,3
1600,3
1601,3
1602,1
1603,1
1604,3
1605,4
1606,3
1607,1
1608,4
1609,4
1610,3
1611,1
1612,1
1613,2
1614,1
1615,1
1616,3
1617,0
1618,3
1619,1
1620,3
1621,1
1622,3
1623,1
1624,4
1625,3
1626,1
1627,4
1628,3
1629,3
1630,2
1631,3
1632,3
1633,3
1634,0
1635,4
1636,1
1637,4
1638,1
1639,1
1640,2
1641,1
1642,2
1643,3
1644,1
1645,2
1646,0
1647,2
1648,1
1649,3
1650,2
1651,1
1652,3
1653,3
1654,3
1655,3
1656,1
1657,3
1658,1
1659,1
1660,1
1661,0
1662,3
1663,1
1664,3
1665,1
1666,3
1667,2
1668,2
1669,4
1670,3
1671,3
1672,4
1673,1
1674,4
1675,4
1676,2
1677,1
1678,1
1679,0
1680,2
1681,1
1682,3
1683,1
1684,3
1685,2
1686,4
1687,2
1688,0
1689,3
1690,0
1691,4
1692,1
1693,2
1694,4
1695,1
1696,0
1697,1
1698,1
1699,4
1700,3
1701,0
1702,2
1703,3
1704,1
1705,0
1706,4
1707,3
1708,1
1709,3
1710,0
1711,4
1712,3
1713,1
1714,1
1715,1
1716,4
1717,2
1718,3
1719,3
1720,0
1721,2
1722,2
1723,1
1724,3
1725,3
1726,1
1727,4
1728,3
1729,3
1730,0
1731,1
1732,3
1733,3
1734,3
1735,2
1736,1
1737,3
1738,2
1739,1
1740,4
1741,1
1742,4
1743,2
1744,1
1745,3
1746,3
1747,1
1748,3
1749,4
1750,1
1751,4
1752,3
1753,0
1754,3
1755,4
1756,1
1757,1
1758,2
1759,3
1760,1
1761,0
1762,2
1763,3
1764,2
1765,2
1766,1
1767,3
1768,2
1769,1
1770,2
1771,4
1772,1
1773,0
1774,3
1775,3
1776,3
1777,3
1778,2
1779,4
1780,1
1781,4
1782,3
1783,1
1784,2
1785,2
1786,1
1787,3
1788,3
1789,2
1790,4
1791,4
1792,2
1793,4
1794,1
1795,3
1796,3
1797,2
1798,0
1799,2
1800,0
1801,2
1802,1
1803,4
1804,2
1805,4
1806,4
1807,4
1808,3
1809,3
1810,1
1811,2
1812,1
1813,1
1814,3
1815,1
1816,3
1817,1
1818,3
1819,4
1820,1
1821,1
1822,1
1823,3
1824,2
1825,4
1826,1
1827,2
1828,1
1829,3
1830,1
1831,4
1832,1
1833,3
1834,2
1835,3
1836,0
1837,1
1838,0
1839,4
1840,1
1841,2
1842,1
1843,2
1844,4
1845,4
1846,1
1847,1
1848,2
1849,2
1850,4
1851,1
1852,2
1853,3
1854,1
1855,1
1856,2
1857,1
1858,0
1859,2
1860,3
1861,4
1862,3
1863,3
1864,3
1865,1
1866,1
1867,4
1868,3
1869,1
1870,4
1871,0
1872,1
1873,3
1874,1
1875,2
1876,2
1877,1
1878,3
1879,2
1880,0
1881,3
1882,2
1883,3
1884,2
1885,1
1886,4
1887,2
1888,1
1889,3
1890,1
1891,2
1892,0
1893,0
1894,1
1895,3
1896,3
1897,3
1898,2
1899,2
1900,0
1901,1
1902,3
1903,1
1904,0
1905,0
1906,1
1907,2
1908,1
1909,1
1910,2
1911,2
1912,4
1913,2
1914,1
1915,2
1916,3
1917,3
1918,1
1919,1
1920,1
1921,4
1922,1
1923,2
1924,3
1925,3
1926,1
1927,3
1928,3
1929,2
1930,1
1931,0
1932,3
1933,4
1934,0
1935,3
1936,2
1937,3
1938,2
1939,1
1940,1
1941,0
1942,2
1943,2
1944,1
1945,3
1946,2
1947,4
1948,3
1949,1
1950,2
1951,3
1952,4
1953,2
1954,3
1955,1
1956,3
1957,0
1958,4
1959,1
1960,1
1961,4
1962,3
1963,0
1964,2
1965,1
1966,1
1967,0
1968,1
1969,3
1970,2
1971,2
1972,4
1973,0
1974,3
1975,3
1976,3
1977,1
1978,0
1979,3
1980,4
1981,3
1982,1
1983,1
1984,4
1985,1
1986,3
1987,3
1988,2
1989,1
1990,3
1991,1
1992,2
1993,3
1994,4
1995,4
1996,0
1997,3
1998,1
1999,3
2000,2
2001,2
2002,4
2003,1
2004,1
2005,0
2006,0
2007,3
2008,0
2009,1
2010,3
2011,4
2012,3
2013,1
2014,2
2015,2
2016,1
2017,3
2018,2
2019,3
2020,3
2021,1
2022,1
2023,1
2024,1
2025,4
2026,4
2027,2
2028,2
2029,1
2030,4
2031,3
2032,3
2033,3
2034,0
2035,3
2036,1
2037,3
2038,1
2039,1
2040,1
2041,1
2042,2
2043,4
2044,1
2045,4
2046,3
2047,3
2048,4
2049,1
2050,2
2051,3
2052,3
2053,2
2054,1
2055,1
2056,0
2057,2
2058,1
2059,2
2060,2
2061,0
2062,1
2063,2
2064,4
2065,3
2066,0
2067,4
2068,4
2069,2
2070,3
2071,2
2072,3
2073,4
2074,3
2075,2
2076,3
2077,3
2078,1
2079,3
2080,1
2081,3
2082,4
2083,2
2084,1
2085,1
2086,3
2087,1
2088,2
2089,0
2090,1
2091,3
2092,1
2093,1
2094,1
2095,1
2096,0
2097,1
2098,0
2099,4
2100,4
2101,1
2102,0
2103,4
2104,3
2105,4
2106,1
2107,3
2108,4
2109,1
2110,1
2111,3
2112,2
2113,3
2114,4
2115,2
2116,3
2117,4
2118,4
2119,4
2120,3
2121,4
2122,0
2123,4
2124,3
2125,2
2126,2
2127,2
2128,0
2129,2
2130,2
2131,3
2132,2
2133,2
2134,1
2135,1
2136,4
2137,0
2138,2
2139,4
2140,4
2141,2
2142,3
2143,3
2144,1
2145,4
2146,3
2147,3
2148,4
2149,1
2150,4
2151,3
2152,4
2153,2
2154,1
2155,1
2156,4
2157,1
2158,3
2159,3
2160,4
2161,4
2162,4
2163,1
2164,1
2165,4
2166,2
2167,4
2168,3
2169,2
2170,4
2171,1
2172,4
2173,3
2174,1
2175,3
2176,3
2177,1
2178,3
2179,1
2180,1
2181,4
2182,1
2183,2
2184,1
2185,1
2186,4
2187,3
2188,3
2189,1
2190,3
2191,1
2192,0
2193,1
2194,2
2195,2
2196,2
2197,1
2198,1
2199,3
2200,1
2201,0
2202,0
2203,0
2204,1
2205,3
2206,1
2207,4
2208,2
2209,3
2210,1
2211,0
2212,3
2213,4
2214,4
2215,0
2216,0
2217,4
2218,1
2219,4
2220,1
2221,4
2222,4
2223,3
2224,1
2225,1
2226,1
2227,3
2228,3
2229,1
2230,1
2231,2
2232,2
2233,3
2234,1
2235,3
2236,2
2237,3
2238,4
2239,2
2240,4
2241,2
2242,0
2243,2
2244,2
2245,3
2246,2
2247,2
2248,2
2249,4
2250,4
2251,3
2252,0
2253,3
2254,1
2255,2
2256,2
2257,1
2258,1
2259,3
2260,2
2261,1
2262,2
2263,2
2264,2
2265,3
2266,1
2267,0
2268,4
2269,3
2270,3
2271,3
2272,4
2273,4
2274,4
2275,2
2276,1
2277,1
2278,4
2279,3
2280,1
2281,3
2282,0
2283,1
2284,1
2285,4
2286,4
2287,1
2288,1
2289,1
2290,2
2291,3
2292,2
2293,4
2294,3
2295,3
2296,4
2297,0
2298,4
2299,2
2300,3
2301,0
2302,3
2303,3
2304,1
2305,2
2306,3
2307,1
2308,1
2309,1
2310,1
2311,1
2312,3
2313,1
2314,3
2315,1
2316,4
2317,2
2318,1
2319,4
2320,4
2321,1
2322,0
2323,3
2324,2
2325,4
2326,0
2327,2
2328,1
2329,1
2330,3
2331,3
2332,3
2333,0
2334,4
2335,3
2336,1
2337,3
2338,4
2339,1
2340,2
2341,1
2342,2
2343,0
2344,2
2345,3
2346,1
2347,2
2348,1
2349,2
2350,1
2351,0
2352,3
2353,0
2354,1
2355,3
2356,2
2357,2
2358,0
2359,3
2360,4
2361,0
2362,3
2363,2
2364,3
2365,3
2366,4
2367,3
2368,3
2369,4
2370,1
2371,0
2372,2
2373,2
2374,3
2375,2
2376,3
2377,2
2378,4
2379,3
2380,1
2381,1
2382,1
2383,0
2384,0
2385,3
2386,1
2387,1
2388,4
2389,3
2390,4
2391,3
2392,3
2393,4
2394,2
2395,1
2396,2
2397,3
2398,1
2399,3
2400,0
2401,2
2402,1
2403,2
2404,3
2405,0
2406,2
2407,3
2408,1
2409,3
2410,3
2411,2
2412,1
2413,3
2414,1
2415,0
2416,0
2417,4
2418,1
2419,1
2420,4
2421,3
2422,3
2423,4
2424,2
2425,2
2426,1
2427,1
2428,1
2429,3
2430,1
2431,4
2432,0
2433,2
2434,1
2435,0
2436,0
2437,2
2438,3
2439,1
2440,2
2441,3
2442,3
2443,4
2444,3
2445,3
2446,0
2447,1
2448,3
2449,3
2450,0
2451,2
2452,3
2453,4
2454,1
2455,2
2456,2
2457,0
2458,4
2459,0
2460,4
2461,1
2462,3
2463,3
2464,4
2465,4
2466,2
2467,1
2468,1
2469,0
2470,2
2471,1
2472,2
2473,2
2474,1
2475,4
2476,3
2477,1
2478,2
2479,3
2480,1
2481,0
2482,2
2483,1
2484,3
2485,1
2486,1
2487,1
2488,4
2489,1
2490,4
2491,2
2492,1
2493,4
2494,3
2495,2
2496,0
2497,1
2498,3
2499,1
2500,1
2501,1
2502,2
2503,4
2504,3
2505,2
2506,1
2507,1
2508,3
2509,2
2510,3
2511,3
2512,3
2513,0
2514,3
2515,1
2516,3
2517,3
2518,3
2519,1
2520,1
2521,1
2522,3
2523,2
2524,3
2525,0
2526,2
2527,1
2528,3
2529,0
2530,1
2531,3
2532,1
2533,4
2534,1
2535,3
2536,3
2537,4
2538,3
2539,3
2540,0
2541,1
2542,2
2543,3
2544,4
2545,1
2546,0
2547,3
2548,1
2549,1
2550,2
2551,3
2552,0
2553,3
2554,2
2555,4
2556,3
2557,3
2558,1
2559,1
2560,4
2561,3
2562,3
2563,3
2564,0
2565,1
2566,3
2567,3
2568,1
2569,2
2570,2
2571,2
2572,4
2573,0
2574,1
2575,4
2576,0
2577,4
2578,1
2579,0
2580,3
2581,3
2582,2
2583,1
2584,4
2585,4
2586,1
2587,3
2588,4
2589,1
2590,1
2591,1
2592,2
2593,2
2594,2
2595,3
2596,3
2597,3
2598,1
2599,2
2600,0
2601,2
2602,1
2603,3
2604,2
2605,1
2606,2
2607,0
2608,3
2609,3
2610,1
2611,3
2612,3
2613,2
2614,3
2615,2
2616,2
2617,2
2618,0
2619,0
2620,3
2621,3
2622,1
2623,1
2624,4
2625,4
2626,3
2627,4
2628,1
2629,4
2630,3
2631,2
2632,3
2633,0
2634,3
2635,1
2636,1
2637,1
2638,3
2639,3
2640,3
2641,0
2642,4
2643,0
2644,3
2645,3
2646,3
2647,3
2648,1
2649,3
2650,1
2651,0
2652,2
2653,3
2654,3
2655,2
2656,3
2657,1
2658,2
2659,4
2660,0
2661,0
2662,2
2663,2
2664,2
2665,0
2666,2
2667,3
2668,0
2669,3
2670,3
2671,3
2672,3
2673,3
2674,2
2675,1
2676,1
2677,4
2678,3
2679,4
2680,3
2681,1
2682,2
2683,1
2684,4
2685,4
2686,1
2687,1
2688,4
2689,3
2690,4
2691,1
2692,1
2693,1
2694,2
2695,0
2696,3
2697,2
2698,3
2699,3
2700,3
2701,1
2702,1
2703,4
2704,2
2705,1
2706,4
2707,4
2708,3
2709,3
2710,1
2711,4
2712,4
2713,0
2714,3
2715,3
2716,4
2717,1
2718,0
2719,2
2720,1
2721,0
2722,1
2723,0
2724,0
2725,1
2726,1
2727,1
2728,1
2729,1
2730,1
2731,4
2732,3
2733,0
2734,3
2735,4
2736,3
2737,3
2738,2
2739,0
2740,0
2741,4
2742,2
2743,0
2744,4
2745,3
2746,3
2747,0
2748,1
2749,4
2750,3
2751,3
2752,3
2753,3
2754,3
2755,3
2756,3
2757,0
2758,3
2759,4
2760,1
2761,0
2762,0
2763,4
2764,0
2765,3
2766,3
2767,2
2768,1
2769,3
2770,3
2771,4
2772,3
2773,1
2774,2
2775,3
2776,1
2777,4
2778,0
2779,3
2780,1
2781,4
2782,4
2783,0
2784,4
2785,3
2786,2
2787,3
2788,2
2789,1
2790,1
2791,2
2792,1
2793,3
2794,2
2795,3
2796,3
2797,2
2798,3
2799,3
2800,2
2801,3
2802,3
2803,3
2804,4
2805,3
2806,4
2807,4
2808,0
2809,4
2810,3
2811,0
2812,4
2813,4
2814,2
2815,3
2816,0
2817,4
2818,2
2819,3
2820,4
2821,4
2822,3
2823,2
2824,4
2825,3
2826,3
2827,4
2828,0
2829,1
2830,3
2831,3
2832,1
2833,2
2834,3
2835,1
2836,3
2837,3
2838,2
2839,2
2840,1
2841,3
2842,3
2843,3
2844,3
2845,2
2846,4
2847,1
2848,4
2849,1
2850,2
2851,3
2852,3
2853,4
2854,2
2855,4
2856,2
2857,3
2858,3
2859,1
2860,1
2861,2
2862,0
2863,0
2864,3
2865,2
2866,2
2867,3
2868,4
2869,2
2870,4
2871,2
2872,3
2873,0
2874,3
2875,3
2876,3
2877,2
2878,0
2879,3
2880,2
2881,3
2882,3
2883,3
2884,3
2885,3
2886,1
2887,4
2888,3
2889,3
2890,4
2891,3
2892,3
2893,4
2894,1
2895,4
2896,4
2897,1
2898,4
2899,1
2900,3
2901,3
2902,3
2903,3
2904,2
2905,3
2906,0
2907,2
2908,2
2909,0
2910,1
2911,0
2912,0
2913,2
2914,0
2915,4
2916,3
2917,1
2918,3
2919,1
2920,4
2921,1
2922,3
2923,3
2924,4
2925,2
2926,2
2927,4
2928,1
2929,4
2930,0
2931,3
2932,3
2933,1
2934,2
2935,0
2936,3
2937,3
2938,4
2939,0
2940,3
2941,4
2942,1
2943,2
2944,4
2945,3
2946,3
2947,2
2948,3
2949,3
2950,2
2951,4
2952,0
2953,1
2954,3
2955,1
2956,1
2957,3
2958,2
2959,2
2960,0
2961,4
2962,4
2963,0
2964,4
2965,3
2966,0
2967,3
2968,0
2969,2
2970,2
2971,2
2972,4
2973,1
2974,4
2975,0
2976,1
2977,3
2978,3
2979,3
2980,3
2981,1
2982,3
2983,3
2984,4
2985,4
2986,1
2987,1
2988,3
2989,3
2990,3
2991,4
2992,4
2993,4
2994,1
2995,2
2996,1
2997,4
2998,1
2999,0
3000,2
3001,2
3002,4
3003,1
3004,0
3005,4
3006,1
3007,4
3008,3
3009,2
3010,2
3011,1
3012,0
3013,2
3014,1
3015,0
3016,0
3017,3
3018,4
3019,4
3020,2
3021,4
3022,2
3023,1
3024,1
3025,1
3026,3
3027,4
3028,3
3029,1
3030,1
3031,3
3032,2
3033,0
3034,3
3035,1
3036,3
3037,0
3038,3
3039,4
3040,3
3041,1
3042,4
3043,0
3044,4
3045,3
3046,4
3047,2
3048,2
3049,2
3050,4
3051,3
3052,1
3053,2
3054,0
3055,1
3056,3
3057,3
3058,3
3059,1
3060,0
3061,1
3062,3
3063,3
3064,3
3065,3
3066,0
3067,4
3068,3
3069,3
3070,4
3071,2
3072,4
3073,3
3074,0
3075,3
3076,3
3077,2
3078,2
3079,3
3080,0
3081,0
3082,2
3083,0
3084,3
3085,2
3086,0
3087,3
3088,0
3089,4
3090,1
3091,1
3092,4
3093,4
3094,1
3095,3
3096,3
3097,3
3098,4
3099,1
3100,3
3101,2
3102,1
3103,1
3104,2
3105,3
3106,3
3107,2
3108,3
3109,0
3110,3
3111,3
3112,1
3113,3
3114,1
3115,2
3116,3
3117,4
3118,4
3119,1
3120,1
3121,3
3122,1
3123,4
3124,0
3125,0
3126,3
3127,3
3128,3
3129,1
3130,0
3131,2
3132,2
3133,3
3134,3
3135,4
3136,2
3137,0
3138,3
3139,2
3140,3
3141,2
3142,3
3143,1
3144,3
3145,3
3146,4
3147,1
3148,2
3149,3
3150,1
3151,3
3152,3
3153,2
3154,3
3155,1
3156,1
3157,4
3158,2
3159,2
3160,3
3161,0
3162,4
3163,2
3164,0
3165,0
3166,3
3167,0
3168,0
3169,3
3170,4
3171,2
3172,1
3173,0
3174,3
3175,0
3176,1
3177,1
3178,2
3179,0
3180,3
3181,3
3182,3
3183,3
3184,4
3185,3
3186,4
3187,4
3188,2
3189,4
3190,0
3191,2
3192,3
3193,4
3194,1
3195,4
3196,3
3197,3
3198,2
3199,2
3200,0
3201,0
3202,0
3203,3
3204,4
3205,2
3206,3
3207,3
3208,0
3209,3
3210,4
3211,4
3212,1
3213,3
3214,2
3215,3
3216,3
3217,3
3218,0
3219,1
3220,0
3221,1
3222,3
3223,1
3224,1
3225,3
3226,1
3227,2
3228,0
3229,3
3230,4
3231,2
3232,4
3233,1
3234,1
3235,0
3236,3
3237,2
3238,4
3239,4
3240,1
3241,2
3242,3
3243,2
3244,3
3245,2
3246,2
3247,3
3248,2
3249,2
3250,2
3251,2
3252,3
3253,1
3254,0
3255,2
3256,4
3257,3
3258,3
3259,1
3260,3
3261,2
3262,3
3263,1
3264,3
3265,2
3266,4
3267,0
3268,2
3269,4
3270,1
3271,1
3272,1
3273,1
3274,4
3275,2
3276,0
3277,3
3278,3
3279,2
3280,2
3281,2
3282,4
3283,2
3284,3
3285,2
3286,2
3287,4
3288,1
3289,1
3290,1
3291,0
3292,1
3293,1
3294,4
3295,0
3296,3
3297,0
3298,3
3299,4
3300,0
3301,3
3302,3
3303,3
3304,3
3305,3
3306,3
3307,2
3308,0
3309,4
3310,3
3311,3
3312,4
3313,3
3314,3
3315,3
3316,1
3317,3
3318,3
3319,2
3320,2
3321,1
3322,1
3323,1
3324,0
3325,2
3326,3
3327,3
3328,3
3329,2
3330,3
3331,2
3332,3
3333,0
3334,2
3335,4
3336,3
3337,4
3338,0
3339,0
3340,3
3341,3
3342,3
3343,3
3344,2
3345,2
3346,1
3347,0
3348,4
3349,2
3350,1
3351,3
3352,4
3353,0
3354,3
3355,1
3356,2
3357,4
3358,3
3359,4
3360,4
3361,1
3362,1
3363,3
3364,4
3365,4
3366,1
3367,2
3368,3
3369,4
3370,0
3371,2
3372,1
3373,1
3374,1
3375,4
3376,2
3377,2
3378,4
3379,4
3380,4
3381,1
3382,3
3383,1
3384,1
3385,1
3386,1
3387,1
3388,1
3389,2
3390,2
3391,1
3392,3
3393,1
3394,4
3395,4
3396,0
3397,0
3398,0
3399,1
3400,0
3401,0
3402,1
3403,2
3404,1
3405,2
3406,3
3407,2
3408,3
3409,2
3410,1
3411,3
3412,2
3413,1
3414,1
3415,0
3416,3
3417,3
3418,2
3419,2
3420,2
3421,0
3422,0
3423,4
3424,0
3425,1
3426,3
3427,1
3428,1
3429,4
3430,4
3431,1
3432,2
3433,2
3434,3
3435,0
3436,4
3437,1
3438,0
3439,3
3440,2
3441,3
3442,1
3443,2
3444,3
3445,0
3446,2
3447,1
3448,1
3449,0
3450,4
3451,2
3452,2
3453,3
3454,0
3455,1
3456,1
3457,2
3458,3
3459,2
3460,1
3461,2
3462,4
3463,0
3464,1
3465,2
3466,1
3467,3
3468,0
3469,0
3470,1
3471,2
3472,1
3473,1
3474,3
3475,4
3476,3
3477,0
3478,2
3479,1
3480,3
3481,3
3482,4
3483,1
3484,4
3485,4
3486,1
3487,3
3488,4
3489,3
3490,3
3491,1
3492,0
3493,3
3494,2
3495,4
3496,3
3497,3
3498,1
3499,3
3500,3
3501,2
3502,1
3503,3
3504,1
3505,1
3506,3
3507,2
3508,3
3509,1
3510,1
3511,0
3512,4
3513,1
3514,2
3515,4
3516,2
3517,0
3518,3
3519,1
3520,1
3521,1
3522,2
3523,0
3524,0
3525,1
3526,1
3527,1
3528,2
3529,1
3530,0
3531,3
3532,3
3533,3
3534,2
3535,3
3536,0
3537,1
3538,4
3539,4
3540,1
3541,3
3542,4
3543,0
3544,1
3545,1
3546,2
3547,1
3548,1
3549,1
3550,1
3551,4
3552,3
3553,1
3554,1
3555,1
3556,1
3557,1
3558,3
3559,2
3560,0
3561,4
3562,1
3563,4
3564,2
3565,1
3566,0
3567,1
3568,1
3569,2
3570,3
3571,1
3572,2
3573,4
3574,1
3575,4
3576,1
3577,2
3578,1
3579,3
3580,2
3581,3
3582,1
3583,1
3584,1
3585,1
3586,1
3587,1
3588,3
3589,3
3590,2
3591,4
3592,2
3593,4
3594,3
3595,0
3596,1
3597,1
3598,1
3599,1
3600,4
3601,3
3602,1
3603,3
3604,3
3605,1
3606,1
3607,0
3608,2
3609,0
3610,3
3611,2
3612,3
3613,1
3614,2
3615,2
3616,0
3617,1
3618,0
3619,1
3620,1
3621,1
3622,2
3623,1
3624,2
3625,4
3626,1
3627,2
3628,4
3629,3
3630,3
3631,3
3632,4
3633,1
3634,3
3635,1
3636,4
3637,4
3638,2
3639,3
3640,2
3641,3
3642,3
3643,3
3644,1
3645,0
3646,1
3647,2
3648,2
3649,0
3650,4
3651,3
3652,4
3653,4
3654,3
3655,3
3656,3
3657,4
3658,4
3659,3
3660,2
3661,3
3662,1
3663,1
3664,2
3665,3
3666,1
3667,3
3668,4
3669,1
3670,0
3671,3
3672,1
3673,1
3674,1
3675,2
3676,1
3677,1
3678,3
3679,0
3680,3
3681,2
3682,2
3683,1
3684,0
3685,4
3686,4
3687,4
3688,2
3689,3
3690,0
3691,1
3692,3
3693,1
3694,0
3695,2
3696,3
3697,1
3698,4
3699,3
3700,3
3701,1
3702,3
3703,4
3704,3
3705,1
3706,1
3707,2
3708,2
3709,3
3710,2
3711,1
3712,1
3713,4
3714,4
3715,3
3716,3
3717,2
3718,2
3719,3
3720,1
3721,3
3722,0
3723,3
3724,1
3725,4
3726,0
3727,1
3728,4
3729,3
3730,2
3731,1
3732,4
3733,1
3734,4
3735,3
3736,4
3737,0
3738,4
3739,4
3740,0
3741,1
3742,3
3743,1
3744,2
3745,2
3746,0
3747,3
3748,1
3749,1
3750,1
3751,3
3752,3
3753,2
3754,1
3755,3
3756,1
3757,2
3758,1
3759,1
3760,1
3761,4
3762,2
3763,0
3764,1
3765,4
3766,2
3767,2
3768,4
3769,3
3770,4
3771,1
3772,3
3773,4
3774,1
3775,3
3776,3
3777,4
3778,2
3779,0
3780,4
3781,3
3782,4
3783,1
3784,3
3785,4
3786,3
3787,1
3788,3
3789,4
3790,1
3791,2
3792,1
3793,4
3794,1
3795,4
3796,3
3797,3
3798,1
3799,1
3800,0
3801,1
3802,2
3803,1
3804,2
3805,2
3806,1
3807,3
3808,4
3809,1
3810,1
3811,3
3812,4
3813,4
3814,4
3815,4
3816,2
3817,1
3818,4
3819,1
3820,0
3821,1
3822,2
3823,0
3824,1
3825,1
3826,1
3827,1
3828,4
3829,1
3830,1
3831,1
3832,1
3833,4
3834,3
3835,3
3836,3
3837,1
3838,3
3839,2
3840,1
3841,0
3842,1
3843,3
3844,0
3845,1
3846,2
3847,2
3848,2
3849,2
3850,4
3851,3
3852,3
3853,3
3854,1
3855,2
3856,3
3857,2
3858,1
3859,1
3860,0
3861,2
3862,0
3863,3
3864,3
3865,2
3866,1
3867,3
3868,2
3869,4
3870,3
3871,2
3872,1
3873,2
3874,2
3875,2
3876,0
3877,4
3878,2
3879,1
3880,1
3881,0
3882,3
3883,1
3884,3
3885,3
3886,3
3887,3
3888,2
3889,2
3890,3
3891,2
3892,2
3893,4
3894,3
3895,1
3896,1
3897,2
3898,1
3899,2
3900,2
3901,1
3902,3
3903,3
3904,1
3905,2
3906,2
